{
  "patient_id": "P0005",
  "total_records": 20,
  "current_state": {
    "age": 57,
    "gender": 1,
    "blood_pressure": 0.4674950160344881,
    "heart_rate": 0.13936164660964864,
    "glucose_level": 0.26066347865108314,
    "creatinine": 0.2727304280878317,
    "hemoglobin": 1.0,
    "temperature": 0.41137350063168465,
    "oxygen_saturation": 1.0,
    "bmi": 0.41544077411682023,
    "timestep": 19,
    "last_action": 0,
    "last_reward": -2.589351680263037
  },
  "trajectory": [
    {
      "timestep": 0,
      "state": {
        "age": 57,
        "gender": 1,
        "blood_pressure": 0.6749822886465509,
        "heart_rate": 0.4427002195009054,
        "glucose_level": 0.5362233020422121,
        "creatinine": 0.4164237864979091,
        "hemoglobin": 0.8214251523462276,
        "temperature": 0.4851991386335051,
        "oxygen_saturation": 0.9563224511411731,
        "bmi": 0.39680939188042597,
        "timestep": 0,
        "last_action": 1,
        "last_reward": -0.1774373310876051
      },
      "action": 1,
      "reward": -0.1774373310876051
    },
    {
      "timestep": 1,
      "state": {
        "age": 57,
        "gender": 1,
        "blood_pressure": 0.6652229139046655,
        "heart_rate": 0.4286254889929172,
        "glucose_level": 0.5040069128038785,
        "creatinine": 0.4009119293346238,
        "hemoglobin": 0.8332431635120046,
        "temperature": 0.48516539405939557,
        "oxygen_saturation": 0.9596206049159238,
        "bmi": 0.3822771113871532,
        "timestep": 1,
        "last_action": 2,
        "last_reward": -0.13422511481723812
      },
      "action": 2,
      "reward": -0.13422511481723812
    },
    {
      "timestep": 2,
      "state": {
        "age": 57,
        "gender": 1,
        "blood_pressure": 0.6438060227633304,
        "heart_rate": 0.38668889440012,
        "glucose_level": 0.4968386895978505,
        "creatinine": 0.36224656316389314,
        "hemoglobin": 0.8324163566535776,
        "temperature": 0.46394791897556276,
        "oxygen_saturation": 0.9997551023483451,
        "bmi": 0.388585228232701,
        "timestep": 2,
        "last_action": 3,
        "last_reward": -0.05857409963346871
      },
      "action": 3,
      "reward": -0.05857409963346871
    },
    {
      "timestep": 3,
      "state": {
        "age": 57,
        "gender": 1,
        "blood_pressure": 0.676016359718584,
        "heart_rate": 0.40250987143480615,
        "glucose_level": 0.5145738486093522,
        "creatinine": 0.36265217079665835,
        "hemoglobin": 0.8386942888928671,
        "temperature": 0.4848354051726046,
        "oxygen_saturation": 1.0,
        "bmi": 0.41401766351542285,
        "timestep": 3,
        "last_action": 1,
        "last_reward": -0.8453307632985768
      },
      "action": 1,
      "reward": -0.8453307632985768
    },
    {
      "timestep": 4,
      "state": {
        "age": 57,
        "gender": 1,
        "blood_pressure": 0.6592480368604318,
        "heart_rate": 0.38103384557181946,
        "glucose_level": 0.46991348359066976,
        "creatinine": 0.3367051401239904,
        "hemoglobin": 0.8638302899585643,
        "temperature": 0.4795083967759855,
        "oxygen_saturation": 0.9933008316428971,
        "bmi": 0.3752950413826064,
        "timestep": 4,
        "last_action": 0,
        "last_reward": -0.3129396664118964
      },
      "action": 0,
      "reward": -0.3129396664118964
    },
    {
      "timestep": 5,
      "state": {
        "age": 57,
        "gender": 1,
        "blood_pressure": 0.6358606290059104,
        "heart_rate": 0.34646288300595673,
        "glucose_level": 0.43285514990176627,
        "creatinine": 0.3413928826847406,
        "hemoglobin": 0.8638464355666814,
        "temperature": 0.47252631577418014,
        "oxygen_saturation": 1.0,
        "bmi": 0.38756437362144947,
        "timestep": 5,
        "last_action": 0,
        "last_reward": -0.4221896700140495
      },
      "action": 0,
      "reward": -0.4221896700140495
    },
    {
      "timestep": 6,
      "state": {
        "age": 57,
        "gender": 1,
        "blood_pressure": 0.5870808031383449,
        "heart_rate": 0.30819407946555816,
        "glucose_level": 0.4012131064744966,
        "creatinine": 0.3450665377529024,
        "hemoglobin": 0.8829822818290138,
        "temperature": 0.4544945262673767,
        "oxygen_saturation": 1.0,
        "bmi": 0.3848531376110238,
        "timestep": 6,
        "last_action": 1,
        "last_reward": -1.1502246368088782
      },
      "action": 1,
      "reward": -1.1502246368088782
    },
    {
      "timestep": 7,
      "state": {
        "age": 57,
        "gender": 1,
        "blood_pressure": 0.5744492421092692,
        "heart_rate": 0.28538080389437603,
        "glucose_level": 0.3618830136467453,
        "creatinine": 0.3402259299299434,
        "hemoglobin": 0.8873568232601484,
        "temperature": 0.44920399949391376,
        "oxygen_saturation": 1.0,
        "bmi": 0.3623102433793313,
        "timestep": 7,
        "last_action": 1,
        "last_reward": -1.2723538215828385
      },
      "action": 1,
      "reward": -1.2723538215828385
    },
    {
      "timestep": 8,
      "state": {
        "age": 57,
        "gender": 1,
        "blood_pressure": 0.5382979239502141,
        "heart_rate": 0.27702819743894774,
        "glucose_level": 0.3145370978787648,
        "creatinine": 0.32212340555979957,
        "hemoglobin": 0.9093625152324578,
        "temperature": 0.4606903729882009,
        "oxygen_saturation": 0.994841781810216,
        "bmi": 0.35292704187781104,
        "timestep": 8,
        "last_action": 2,
        "last_reward": -1.4577480504570621
      },
      "action": 2,
      "reward": -1.4577480504570621
    },
    {
      "timestep": 9,
      "state": {
        "age": 57,
        "gender": 1,
        "blood_pressure": 0.5200220217437269,
        "heart_rate": 0.23788963626941148,
        "glucose_level": 0.30381570775890876,
        "creatinine": 0.2729099007248535,
        "hemoglobin": 0.9137281132740345,
        "temperature": 0.44972972139906287,
        "oxygen_saturation": 0.9962124574547976,
        "bmi": 0.34282973483071166,
        "timestep": 9,
        "last_action": 1,
        "last_reward": -1.5931974766323043
      },
      "action": 1,
      "reward": -1.5931974766323043
    },
    {
      "timestep": 10,
      "state": {
        "age": 57,
        "gender": 1,
        "blood_pressure": 0.49819305733267855,
        "heart_rate": 0.23163840046089332,
        "glucose_level": 0.2573560659676634,
        "creatinine": 0.254917980658351,
        "hemoglobin": 0.9289006780522141,
        "temperature": 0.44019643531647573,
        "oxygen_saturation": 1.0,
        "bmi": 0.3490765194154073,
        "timestep": 10,
        "last_action": 3,
        "last_reward": -0.42594697153035055
      },
      "action": 3,
      "reward": -0.42594697153035055
    },
    {
      "timestep": 11,
      "state": {
        "age": 57,
        "gender": 1,
        "blood_pressure": 0.5270241551041501,
        "heart_rate": 0.2408600284907653,
        "glucose_level": 0.2755512668317572,
        "creatinine": 0.2968490563367996,
        "hemoglobin": 0.941888207135871,
        "temperature": 0.4426785248155239,
        "oxygen_saturation": 1.0,
        "bmi": 0.37056097650737485,
        "timestep": 11,
        "last_action": 4,
        "last_reward": -1.8840607499461128
      },
      "action": 4,
      "reward": -1.8840607499461128
    },
    {
      "timestep": 12,
      "state": {
        "age": 57,
        "gender": 1,
        "blood_pressure": 0.5062164444499022,
        "heart_rate": 0.18417858763537537,
        "glucose_level": 0.27428424459393264,
        "creatinine": 0.27764953699394607,
        "hemoglobin": 0.9674149881792834,
        "temperature": 0.44548868843287504,
        "oxygen_saturation": 1.0,
        "bmi": 0.35908871325859704,
        "timestep": 12,
        "last_action": 2,